{
  "arch": "mlp",
  "checkpoint": "E:\\Embedded\\model\\project\\training\\checkpoints\\kws_mlp.pt",
  "train_loss": 0.014424907096470764,
  "train_acc": 0.9989149599891496,
  "val_loss": 0.04307820513544283,
  "val_acc": 0.9877899877899878,
  "all_loss": 0.017289537480962736,
  "all_acc": 0.997802734375,
  "per_class_recall_all": {
    "up": 0.99853515625,
    "down": 0.9990234375,
    "left": 0.99853515625,
    "right": 0.99462890625,
    "yes": 0.99951171875,
    "no": 0.99853515625,
    "on": 0.998046875,
    "off": 0.99560546875
  },
  "confusion_all": [
    [
      2045,
      2,
      0,
      1,
      0,
      0,
      0,
      0
    ],
    [
      0,
      2046,
      0,
      1,
      0,
      0,
      1,
      0
    ],
    [
      0,
      0,
      2045,
      2,
      1,
      0,
      0,
      0
    ],
    [
      8,
      0,
      3,
      2037,
      0,
      0,
      0,
      0
    ],
    [
      0,
      0,
      1,
      0,
      2047,
      0,
      0,
      0
    ],
    [
      1,
      0,
      0,
      0,
      0,
      2045,
      0,
      2
    ],
    [
      0,
      1,
      0,
      1,
      0,
      1,
      2044,
      1
    ],
    [
      7,
      0,
      0,
      0,
      1,
      0,
      1,
      2039
    ]
  ]
}