{
  "arch": "mlp",
  "checkpoint": "E:\\Embedded\\model\\project\\training\\checkpoints\\kws_mlp.pt",
  "train_loss": 0.01657989359203467,
  "train_acc": 0.9985758849857589,
  "val_loss": 0.05794871321473366,
  "val_acc": 0.978021978021978,
  "all_loss": 0.02071576644661377,
  "all_acc": 0.99652099609375,
  "per_class_recall_all": {
    "up": 0.9931640625,
    "down": 0.99365234375,
    "left": 0.99560546875,
    "right": 0.998046875,
    "yes": 1.0,
    "no": 0.9990234375,
    "on": 0.998046875,
    "off": 0.99462890625
  },
  "confusion_all": [
    [
      2034,
      1,
      1,
      1,
      0,
      0,
      2,
      9
    ],
    [
      1,
      2035,
      1,
      1,
      0,
      3,
      7,
      0
    ],
    [
      0,
      0,
      2039,
      4,
      4,
      0,
      1,
      0
    ],
    [
      2,
      0,
      1,
      2044,
      1,
      0,
      0,
      0
    ],
    [
      0,
      0,
      0,
      0,
      2048,
      0,
      0,
      0
    ],
    [
      0,
      0,
      0,
      1,
      0,
      2046,
      0,
      1
    ],
    [
      0,
      0,
      0,
      0,
      0,
      3,
      2044,
      1
    ],
    [
      8,
      1,
      0,
      0,
      2,
      0,
      0,
      2037
    ]
  ]
}